Crop_Name,District,Date,Modal_Price
Garlic,Chhatarpur,15-01-2022,4783
Wheat,Dewas,27-07-2022,2239
Wheat,Hoshangabad,12-10-2022,2343
Wheat,Sehore,24-10-2022,2186
Garlic,Ratlam,18-03-2022,5460
Garlic,Sehore,15-11-2022,5775
Garlic,Pipariya,20-02-2022,4563
Bengal Gram,Pipariya,07-05-2022,4640
Garlic,Pipariya,13-09-2022,4333
Bengal Gram,Dewas,13-04-2022,5245
Garlic,Ratlam,02-07-2022,4372
Wheat,Indore,15-07-2022,2155
Wheat,Bhopal,19-10-2022,2326
Garlic,Hoshangabad,13-08-2022,4740
Garlic,Dewas,23-08-2022,5040
Garlic,Chhatarpur,08-03-2022,4566
Wheat,Sehore,18-11-2022,2235
Wheat,Pipariya,14-08-2022,2325
Bengal Gram,Chhatarpur,07-11-2022,5110
Wheat,Hoshangabad,18-02-2022,2295
Bengal Gram,Bhopal,14-07-2022,5270
Garlic,Chhatarpur,09-08-2022,4908
Garlic,Chhatarpur,21-08-2022,4604
Bengal Gram,Bhopal,10-07-2022,5064
Wheat,Ratlam,16-10-2022,2287
Garlic,Chhatarpur,28-01-2022,5457
Garlic,Dewas,12-11-2022,4940
Garlic,Pipariya,21-09-2022,4670
Garlic,Chhatarpur,28-09-2022,5993
Wheat,Sehore,03-01-2022,2291
Wheat,Dewas,07-05-2022,2281
Garlic,Sehore,16-11-2022,5004
Garlic,Hoshangabad,02-08-2022,4199
Bengal Gram,Pipariya,18-09-2022,5939
Garlic,Sehore,08-12-2022,5378
Wheat,Dewas,06-02-2022,2252
Wheat,Hoshangabad,24-08-2022,2279
Garlic,Damoh,27-09-2022,4699
Garlic,Hoshangabad,16-05-2022,5631
Wheat,Hoshangabad,06-05-2022,2301
Garlic,Ratlam,26-08-2022,4638
Wheat,Bhopal,04-03-2022,2243
Garlic,Sehore,25-05-2022,4318
Bengal Gram,Damoh,31-05-2022,5729
Bengal Gram,Bhopal,09-03-2022,5267
Bengal Gram,Indore,22-10-2022,5708
Garlic,Ratlam,07-11-2022,4924
Bengal Gram,Sehore,21-11-2022,4419
Wheat,Indore,30-10-2022,2329
Garlic,Sehore,18-07-2022,5853
Bengal Gram,Indore,21-12-2022,4448
Bengal Gram,Indore,23-02-2022,4406
Wheat,Pipariya,18-08-2022,2241
Wheat,Dewas,27-04-2022,2285
Bengal Gram,Indore,03-01-2022,4895
Bengal Gram,Ratlam,02-01-2022,5717
Garlic,Bhopal,27-02-2022,4933
Bengal Gram,Sehore,25-10-2022,4998
Garlic,Ratlam,31-03-2022,4855
Garlic,Pipariya,29-10-2022,4502
Garlic,Sehore,24-12-2022,5681
Garlic,Sehore,09-02-2022,5378
Wheat,Chhatarpur,14-04-2022,2244
Wheat,Chhatarpur,23-07-2022,2180
Garlic,Damoh,27-03-2022,4869
Wheat,Hoshangabad,07-05-2022,2199
Bengal Gram,Ratlam,07-10-2022,4581
Garlic,Ratlam,29-09-2022,5545
Wheat,Bhopal,06-05-2022,2317
Bengal Gram,Indore,28-06-2022,5067
Garlic,Indore,25-12-2022,4963
Garlic,Chhatarpur,08-09-2022,5219
Garlic,Pipariya,01-01-2022,4940
Wheat,Sehore,08-06-2022,2349
Wheat,Indore,13-07-2022,2307
Garlic,Ratlam,12-05-2022,4473
Garlic,Hoshangabad,21-03-2022,5216
Garlic,Hoshangabad,16-05-2022,4936
Bengal Gram,Pipariya,09-04-2022,4728
Bengal Gram,Ratlam,30-06-2022,5206
Garlic,Ratlam,04-08-2022,5343
Wheat,Bhopal,10-11-2022,2264
Bengal Gram,Pipariya,26-01-2022,5482
Garlic,Dewas,06-05-2022,4620
Wheat,Damoh,20-06-2022,2371
Bengal Gram,Indore,05-02-2022,5291
Bengal Gram,Indore,16-12-2022,5363
Bengal Gram,Chhatarpur,04-03-2022,5400
Wheat,Indore,19-09-2022,2266
Wheat,Bhopal,04-01-2022,2298
Bengal Gram,Sehore,17-06-2022,5471
Wheat,Sehore,27-01-2022,2251
Wheat,Bhopal,31-12-2022,2261
Wheat,Dewas,18-08-2022,2267
Wheat,Chhatarpur,09-07-2022,2260
Garlic,Chhatarpur,05-04-2022,4755
Garlic,Hoshangabad,11-12-2022,5321
Garlic,Pipariya,27-06-2022,4952
Garlic,Ratlam,03-09-2022,4751
Wheat,Sehore,16-10-2022,2304
Wheat,Ratlam,08-11-2022,2260
Garlic,Chhatarpur,13-11-2022,4754
Wheat,Ratlam,08-09-2022,2237
Bengal Gram,Damoh,16-11-2022,4990
Wheat,Chhatarpur,06-04-2022,2177
Garlic,Damoh,17-08-2022,5248
Garlic,Sehore,21-02-2022,4432
Bengal Gram,Indore,04-08-2022,5161
Garlic,Dewas,11-06-2022,5877
Wheat,Pipariya,04-12-2022,2206
Garlic,Sehore,20-01-2022,4624
Wheat,Chhatarpur,22-05-2022,2282
Wheat,Indore,08-03-2022,2280
Garlic,Pipariya,09-02-2022,4339
Garlic,Dewas,30-07-2022,5009
Wheat,Chhatarpur,11-04-2022,2243
Bengal Gram,Dewas,06-05-2022,5193
Garlic,Dewas,12-08-2022,4645
Bengal Gram,Sehore,05-06-2022,4395
Bengal Gram,Chhatarpur,13-01-2022,5488
Wheat,Indore,20-12-2022,2274
Wheat,Damoh,05-04-2022,2256
Bengal Gram,Sehore,15-06-2022,5101
Wheat,Bhopal,09-11-2022,2388
Wheat,Dewas,29-11-2022,2213
Bengal Gram,Bhopal,31-01-2022,5266
Garlic,Dewas,20-06-2022,4107
Garlic,Hoshangabad,18-07-2022,4749
Garlic,Pipariya,08-12-2022,4687
Wheat,Bhopal,29-05-2022,2223
Bengal Gram,Chhatarpur,12-07-2022,5408
Bengal Gram,Hoshangabad,24-04-2022,5743
Bengal Gram,Chhatarpur,05-09-2022,5421
Garlic,Damoh,03-05-2022,4800
Bengal Gram,Hoshangabad,20-11-2022,4587
Garlic,Pipariya,20-08-2022,4913
Bengal Gram,Bhopal,07-07-2022,5124
Bengal Gram,Dewas,05-10-2022,4662
Garlic,Damoh,07-11-2022,4360
Garlic,Sehore,04-07-2022,4921
Bengal Gram,Dewas,04-08-2022,5026
Bengal Gram,Bhopal,31-01-2022,4482
Garlic,Ratlam,16-01-2022,4761
Wheat,Damoh,08-12-2022,2311
Garlic,Bhopal,13-03-2022,4449
Wheat,Bhopal,25-03-2022,2261
Wheat,Bhopal,13-11-2022,2211
Bengal Gram,Ratlam,02-04-2022,5297
Bengal Gram,Indore,05-10-2022,5276
Bengal Gram,Chhatarpur,13-03-2022,4761
Bengal Gram,Damoh,18-09-2022,5383
Wheat,Pipariya,10-08-2022,2352
Wheat,Ratlam,03-03-2022,2182
Wheat,Sehore,17-07-2022,2310
Bengal Gram,Indore,25-01-2022,5071
Bengal Gram,Indore,21-11-2022,4862
Bengal Gram,Sehore,21-04-2022,5213
Bengal Gram,Chhatarpur,25-01-2022,4553
Wheat,Pipariya,04-04-2022,2228
Wheat,Ratlam,14-03-2022,2239
Bengal Gram,Hoshangabad,21-12-2022,5565
Bengal Gram,Damoh,02-01-2022,5493
Wheat,Indore,01-02-2022,2299
Wheat,Sehore,29-01-2022,2312
Wheat,Indore,16-04-2022,2218
Bengal Gram,Pipariya,10-05-2022,6071
Garlic,Bhopal,31-07-2022,5844
Bengal Gram,Hoshangabad,07-04-2022,5042
Bengal Gram,Dewas,10-03-2022,4974
Bengal Gram,Dewas,26-09-2022,5935
Bengal Gram,Chhatarpur,28-01-2022,5687
Garlic,Chhatarpur,19-02-2022,5143
Bengal Gram,Sehore,03-12-2022,4646
Bengal Gram,Hoshangabad,16-12-2022,5354
Garlic,Indore,10-12-2022,5212
Wheat,Damoh,19-02-2022,2207
Wheat,Dewas,29-11-2022,2292
Garlic,Damoh,05-07-2022,5377
Wheat,Damoh,30-09-2022,2179
Bengal Gram,Hoshangabad,26-09-2022,5543
Bengal Gram,Damoh,16-01-2022,4558
Garlic,Hoshangabad,26-12-2022,4653
Wheat,Chhatarpur,03-04-2022,2279
Bengal Gram,Hoshangabad,09-11-2022,5599
Garlic,Indore,04-07-2022,5388
Bengal Gram,Hoshangabad,19-01-2022,4987
Bengal Gram,Chhatarpur,25-01-2022,5061
Garlic,Bhopal,14-07-2022,4910
Garlic,Sehore,25-12-2022,5002
Wheat,Ratlam,13-01-2022,2210
Bengal Gram,Hoshangabad,23-08-2022,5268
Bengal Gram,Dewas,26-03-2022,5450
Garlic,Dewas,21-02-2022,5086
Wheat,Damoh,24-06-2022,2284
Bengal Gram,Hoshangabad,26-06-2022,5126
Wheat,Bhopal,05-03-2022,2239
Wheat,Sehore,24-10-2022,2235
Bengal Gram,Indore,17-04-2022,5760
Bengal Gram,Ratlam,25-07-2022,4987
Wheat,Indore,02-08-2022,2306
Garlic,Ratlam,19-08-2022,5042
Garlic,Dewas,22-05-2022,4795
Garlic,Chhatarpur,02-03-2022,5277
Bengal Gram,Pipariya,02-05-2022,5547
Wheat,Sehore,25-02-2022,2258
Bengal Gram,Ratlam,25-04-2022,5517
Wheat,Dewas,01-01-2022,2212
Bengal Gram,Dewas,31-08-2022,5753
Wheat,Ratlam,02-08-2022,2254
Wheat,Sehore,23-08-2022,2307
Garlic,Sehore,21-11-2022,4592
Bengal Gram,Indore,24-10-2022,4829
Garlic,Ratlam,22-09-2022,5034
Bengal Gram,Pipariya,17-06-2022,4808
Wheat,Chhatarpur,27-09-2022,2267
Garlic,Indore,21-08-2022,4890
Garlic,Pipariya,07-09-2022,4586
Garlic,Indore,29-04-2022,4936
Garlic,Chhatarpur,05-05-2022,4404
Bengal Gram,Sehore,25-01-2022,5521
Garlic,Ratlam,28-09-2022,5240
Wheat,Sehore,15-02-2022,2290
Garlic,Pipariya,10-02-2022,4581
Bengal Gram,Dewas,09-06-2022,4856
Wheat,Chhatarpur,21-01-2022,2349
Garlic,Pipariya,07-02-2022,4997
Garlic,Indore,11-01-2022,4549
Wheat,Ratlam,22-09-2022,2301
Garlic,Chhatarpur,02-01-2022,4657
Garlic,Dewas,14-11-2022,5017
Wheat,Indore,07-10-2022,2240
Wheat,Dewas,04-02-2022,2322
Wheat,Damoh,10-11-2022,2351
Wheat,Hoshangabad,02-04-2022,2359
Bengal Gram,Hoshangabad,07-02-2022,5955
Garlic,Sehore,24-03-2022,5402
Bengal Gram,Chhatarpur,26-03-2022,5255
Bengal Gram,Ratlam,20-07-2022,5655
Garlic,Dewas,31-05-2022,5489
Bengal Gram,Dewas,21-02-2022,4810
Bengal Gram,Indore,26-09-2022,4996
Garlic,Hoshangabad,14-03-2022,5251
Wheat,Dewas,06-01-2022,2212
Wheat,Bhopal,11-06-2022,2293
Garlic,Indore,15-04-2022,4821
Bengal Gram,Bhopal,21-05-2022,5267
Bengal Gram,Chhatarpur,14-01-2022,5231
Wheat,Pipariya,14-02-2022,2217
Bengal Gram,Hoshangabad,26-06-2022,5443
Garlic,Dewas,14-02-2022,4764
Wheat,Dewas,19-04-2022,2252
Garlic,Indore,23-02-2022,4489
Garlic,Sehore,02-02-2022,5107
Bengal Gram,Chhatarpur,11-09-2022,5524
Bengal Gram,Ratlam,10-03-2022,5136
Bengal Gram,Bhopal,20-01-2022,5252
Wheat,Dewas,19-01-2022,2260
Bengal Gram,Indore,12-04-2022,5005
Bengal Gram,Hoshangabad,08-05-2022,5474
Bengal Gram,Ratlam,03-04-2022,5234
Bengal Gram,Dewas,17-04-2022,5025
Garlic,Hoshangabad,15-10-2022,5002
Garlic,Pipariya,29-05-2022,4956
Garlic,Dewas,14-02-2022,5816
Bengal Gram,Chhatarpur,13-01-2022,5352
Garlic,Sehore,04-05-2022,4876
Garlic,Hoshangabad,15-08-2022,5188
Garlic,Ratlam,23-08-2022,4906
Garlic,Damoh,02-04-2022,5277
Bengal Gram,Indore,02-06-2022,2521
Bengal Gram,Pipariya,14-03-2022,5687
Wheat,Indore,25-01-2022,3732
Garlic,Indore,18-07-2022,3519
Garlic,Indore,03-08-2022,4394
Bengal Gram,Chhatarpur,07-06-2022,4004
Garlic,Dewas,05-12-2022,5504
Garlic,Bhopal,21-04-2022,4536
Wheat,Sehore,23-07-2022,5478
Garlic,Dewas,21-04-2022,4081
Wheat,Sehore,15-05-2022,5790
Garlic,Pipariya,16-12-2022,5435
Wheat,Damoh,20-03-2022,4823
Bengal Gram,Chhatarpur,02-08-2022,5041
Garlic,Sehore,21-12-2022,4818
Garlic,Dewas,15-05-2022,5649
Bengal Gram,Bhopal,02-01-2022,4437
Bengal Gram,Dewas,21-03-2022,5179
Wheat,Pipariya,20-12-2022,4685
Wheat,Dewas,22-12-2022,2374
Bengal Gram,Indore,26-04-2022,2438
Wheat,Dewas,30-03-2022,4034
Wheat,Bhopal,12-03-2022,3314
Bengal Gram,Pipariya,22-07-2022,5032
Wheat,Sehore,19-12-2022,3607
Bengal Gram,Dewas,05-06-2022,5866
Bengal Gram,Pipariya,21-07-2022,2331
Garlic,Sehore,10-07-2022,4086
Garlic,Sehore,12-01-2022,5906
Bengal Gram,Sehore,03-12-2022,3953
Wheat,Bhopal,29-01-2022,4664
Bengal Gram,Damoh,16-05-2022,5245
Garlic,Sehore,20-06-2022,3581
Wheat,Ratlam,22-06-2022,5246
Wheat,Ratlam,02-10-2022,3502
Wheat,Damoh,08-05-2022,5733
Wheat,Pipariya,11-11-2022,6003
Wheat,Hoshangabad,20-10-2022,2847
Garlic,Pipariya,12-04-2022,3044
Bengal Gram,Sehore,18-08-2022,4075
Wheat,Hoshangabad,21-05-2022,2388
Garlic,Ratlam,14-05-2022,2876
Garlic,Bhopal,31-08-2022,4371
Wheat,Chhatarpur,10-12-2022,3886
Bengal Gram,Sehore,19-07-2022,5953
Bengal Gram,Sehore,31-12-2022,3005
Garlic,Bhopal,01-01-2022,4634
Wheat,Ratlam,22-02-2022,2591
Garlic,Ratlam,28-10-2022,4223
Wheat,Damoh,03-08-2022,2550
Garlic,Dewas,30-11-2022,3631
Bengal Gram,Chhatarpur,12-04-2022,4853
Bengal Gram,Chhatarpur,08-02-2022,2288
Bengal Gram,Hoshangabad,24-01-2022,6012
Bengal Gram,Dewas,19-04-2022,4737
Garlic,Ratlam,25-05-2022,4479
Wheat,Bhopal,07-04-2022,5721
Wheat,Hoshangabad,14-05-2022,2941
Garlic,Ratlam,10-06-2022,5066
Bengal Gram,Chhatarpur,01-01-2022,5731
Bengal Gram,Hoshangabad,08-11-2022,3832
Wheat,Damoh,16-07-2022,3264
Garlic,Bhopal,16-10-2022,4310
Garlic,Hoshangabad,07-03-2022,2341
Wheat,Pipariya,07-10-2022,5717
Bengal Gram,Indore,22-09-2022,5923
Bengal Gram,Bhopal,09-10-2022,4368
Bengal Gram,Indore,27-02-2022,4147
Garlic,Damoh,27-09-2022,4446
Bengal Gram,Dewas,02-05-2022,5283
Garlic,Hoshangabad,08-03-2022,4156
Garlic,Pipariya,04-01-2022,5317
Wheat,Chhatarpur,03-05-2022,5303
Garlic,Bhopal,16-05-2022,3872
Garlic,Pipariya,09-07-2022,3304
Wheat,Damoh,07-11-2022,5919
Wheat,Chhatarpur,05-04-2022,2868
Wheat,Indore,09-11-2022,2480
Garlic,Ratlam,28-10-2022,4550
Bengal Gram,Sehore,30-11-2022,2463
Bengal Gram,Damoh,21-09-2022,3157
Garlic,Damoh,17-02-2022,5402
Wheat,Sehore,03-12-2022,5002
Garlic,Indore,18-10-2022,4800
Wheat,Pipariya,26-11-2022,5181
Wheat,Chhatarpur,01-06-2022,4355
Garlic,Pipariya,31-10-2022,4918
Garlic,Damoh,11-10-2022,3022
Wheat,Indore,09-11-2022,5489
Wheat,Ratlam,16-01-2022,2175
Garlic,Sehore,11-08-2022,6044
Wheat,Hoshangabad,21-02-2022,4368
Bengal Gram,Hoshangabad,17-12-2022,4450
Garlic,Ratlam,21-10-2022,2722
Bengal Gram,Hoshangabad,06-12-2022,5057
Garlic,Sehore,19-05-2022,5793
Bengal Gram,Pipariya,09-03-2022,4651
Wheat,Hoshangabad,17-05-2022,5727
Bengal Gram,Pipariya,19-04-2022,4421
Bengal Gram,Ratlam,14-05-2022,4991
Bengal Gram,Damoh,01-08-2022,2572
Bengal Gram,Hoshangabad,04-07-2022,2842
Garlic,Sehore,31-01-2022,5265
Wheat,Sehore,04-10-2022,5983
Garlic,Hoshangabad,01-12-2022,4632
Bengal Gram,Damoh,18-05-2022,4437
Garlic,Pipariya,15-02-2022,5995
Garlic,Indore,15-08-2022,4842
Bengal Gram,Dewas,15-08-2022,4254
Wheat,Hoshangabad,08-03-2022,3061
Garlic,Dewas,27-06-2022,2999
Wheat,Ratlam,10-12-2022,3783
Bengal Gram,Damoh,03-05-2022,3633
Garlic,Sehore,10-04-2022,4467
Wheat,Chhatarpur,08-04-2022,4477
Garlic,Chhatarpur,17-03-2022,5884
Wheat,Hoshangabad,03-06-2022,2249
Wheat,Bhopal,21-01-2022,5135
Bengal Gram,Pipariya,07-09-2022,3919
Bengal Gram,Damoh,06-10-2022,4584
Wheat,Hoshangabad,05-10-2022,2315
Bengal Gram,Hoshangabad,28-09-2022,5012
Bengal Gram,Chhatarpur,16-02-2022,4817
Wheat,Indore,10-06-2022,2930
Bengal Gram,Bhopal,15-04-2022,2593
Bengal Gram,Pipariya,26-10-2022,4109
Garlic,Hoshangabad,23-03-2022,2979
Wheat,Ratlam,24-09-2022,4551
Wheat,Ratlam,04-02-2022,2273
Bengal Gram,Indore,24-05-2022,5717
Garlic,Dewas,26-11-2022,2895
Garlic,Damoh,11-04-2022,5112
Garlic,Bhopal,01-04-2022,3601
Wheat,Hoshangabad,20-02-2022,4670
Wheat,Hoshangabad,09-01-2022,5597
Garlic,Indore,19-10-2022,5459
Bengal Gram,Hoshangabad,20-11-2022,5280
Garlic,Bhopal,01-09-2022,2990
Bengal Gram,Dewas,21-06-2022,2603
Garlic,Bhopal,18-02-2022,4729
Wheat,Hoshangabad,25-02-2022,5748
Bengal Gram,Sehore,01-05-2022,4162
Garlic,Bhopal,07-03-2022,3306
Bengal Gram,Indore,10-03-2022,5283
Wheat,Pipariya,23-04-2022,6060
Bengal Gram,Sehore,16-09-2022,5192
Wheat,Chhatarpur,24-04-2022,5217
Wheat,Indore,03-04-2022,5587
Garlic,Sehore,29-05-2022,5086
Bengal Gram,Damoh,15-04-2022,4043
Bengal Gram,Pipariya,06-07-2022,4512
Wheat,Chhatarpur,22-12-2022,3834
Bengal Gram,Dewas,07-01-2022,5591
Bengal Gram,Bhopal,28-04-2022,4597
Garlic,Sehore,06-04-2022,6035
Wheat,Chhatarpur,14-12-2022,5979
Wheat,Hoshangabad,23-08-2022,3688
Bengal Gram,Pipariya,25-08-2022,2684
Garlic,Ratlam,03-02-2022,2630
Garlic,Dewas,12-08-2022,5371
Bengal Gram,Pipariya,09-06-2022,6038
Garlic,Dewas,29-01-2022,3127
Bengal Gram,Ratlam,17-04-2022,5059
Bengal Gram,Hoshangabad,05-10-2022,2869
Bengal Gram,Ratlam,12-02-2022,5955
Bengal Gram,Hoshangabad,08-12-2022,3742
Wheat,Chhatarpur,16-08-2022,4114
Garlic,Sehore,30-07-2022,3566
Bengal Gram,Sehore,27-10-2022,2967
Garlic,Sehore,29-09-2022,3764
Bengal Gram,Damoh,25-02-2022,4736
Garlic,Ratlam,27-10-2022,4947
Bengal Gram,Ratlam,04-10-2022,3518
Wheat,Bhopal,15-03-2022,4229
Wheat,Chhatarpur,16-01-2022,5428
Wheat,Bhopal,16-06-2022,3859
Wheat,Chhatarpur,18-09-2022,4660
Wheat,Bhopal,13-05-2022,2278
Bengal Gram,Ratlam,01-01-2022,4300
Bengal Gram,Hoshangabad,02-04-2022,5339
Wheat,Dewas,21-06-2022,2226
Garlic,Damoh,26-12-2022,3633
Bengal Gram,Ratlam,11-03-2022,4487
Bengal Gram,Damoh,08-09-2022,2388
Garlic,Indore,14-01-2022,5615
Wheat,Pipariya,09-11-2022,3322
Garlic,Indore,02-09-2022,2975
Wheat,Ratlam,30-05-2022,3094
Bengal Gram,Hoshangabad,29-11-2022,4131
Bengal Gram,Dewas,24-12-2022,3411
Wheat,Indore,17-08-2022,3435
Garlic,Hoshangabad,13-03-2022,4658
Wheat,Dewas,15-06-2022,5007
Bengal Gram,Sehore,25-07-2022,5489
Garlic,Chhatarpur,27-03-2022,4494
Bengal Gram,Dewas,20-06-2022,5556
Wheat,Chhatarpur,30-08-2022,2262
Garlic,Chhatarpur,07-09-2022,5158
Garlic,Sehore,29-09-2022,3233
Garlic,Sehore,09-05-2022,4961
Wheat,Chhatarpur,15-03-2022,2468
Wheat,Indore,02-04-2022,4788
Garlic,Ratlam,07-02-2022,5865
Bengal Gram,Hoshangabad,29-11-2022,3755
Wheat,Dewas,18-07-2022,3638
Bengal Gram,Bhopal,15-11-2022,3699
Bengal Gram,Indore,02-11-2022,4753
Garlic,Dewas,07-02-2022,3066
Wheat,Indore,09-06-2022,3651
Bengal Gram,Pipariya,07-01-2022,5079
Wheat,Ratlam,15-09-2022,4704
Wheat,Chhatarpur,16-11-2022,2623
Bengal Gram,Sehore,29-04-2022,4607
Bengal Gram,Damoh,17-05-2022,2326
Bengal Gram,Hoshangabad,15-06-2022,4055
Garlic,Sehore,12-02-2022,3815
Garlic,Sehore,19-09-2022,6008
Bengal Gram,Hoshangabad,22-12-2022,2656
Garlic,Hoshangabad,18-09-2022,4756
Bengal Gram,Bhopal,17-09-2022,3630
Bengal Gram,Damoh,01-03-2022,3269
Bengal Gram,Pipariya,25-02-2022,2352
Bengal Gram,Hoshangabad,19-01-2022,2328
Wheat,Indore,27-01-2022,4148
Wheat,Pipariya,23-10-2022,4899
Bengal Gram,Sehore,04-06-2022,4304
Bengal Gram,Damoh,26-07-2022,2844
Bengal Gram,Ratlam,08-12-2022,3227
Bengal Gram,Dewas,21-09-2022,5673
Bengal Gram,Damoh,10-08-2022,3156
Garlic,Chhatarpur,30-07-2022,3539
Garlic,Damoh,17-04-2022,4841
Garlic,Chhatarpur,29-03-2022,5234
Bengal Gram,Pipariya,15-07-2022,4093
Wheat,Sehore,22-08-2022,3605
Wheat,Dewas,03-03-2022,5475
Wheat,Chhatarpur,26-09-2022,4393
Wheat,Dewas,14-02-2022,3102
Wheat,Dewas,08-04-2022,3236
Garlic,Pipariya,17-08-2022,5503
Bengal Gram,Sehore,12-12-2022,2330
Wheat,Damoh,10-03-2022,3400
Garlic,Indore,27-05-2022,2198
Bengal Gram,Ratlam,26-08-2022,2939
Wheat,Hoshangabad,16-03-2022,2281
Wheat,Ratlam,22-07-2022,3393
Garlic,Dewas,07-02-2022,5171
Wheat,Chhatarpur,14-09-2022,2165
Wheat,Bhopal,04-10-2022,3391
Garlic,Indore,10-06-2022,3726
Bengal Gram,Chhatarpur,28-09-2022,3137
Bengal Gram,Sehore,16-12-2022,5145
Garlic,Sehore,23-03-2022,5983
Wheat,Pipariya,04-04-2022,4523
Wheat,Dewas,01-05-2022,3465
Wheat,Chhatarpur,06-11-2022,5322
Bengal Gram,Indore,18-10-2022,5003
Bengal Gram,Chhatarpur,08-07-2022,5739
Wheat,Damoh,23-09-2022,6021
Bengal Gram,Pipariya,17-02-2022,3195
Garlic,Indore,22-11-2022,5096
Garlic,Dewas,04-12-2022,4629
Bengal Gram,Pipariya,09-08-2022,5593
Bengal Gram,Damoh,09-06-2022,5744
Bengal Gram,Ratlam,08-01-2022,5260
Wheat,Indore,26-07-2022,4903
Garlic,Bhopal,20-01-2022,4172
Wheat,Damoh,23-12-2022,5517
Bengal Gram,Indore,26-05-2022,4742
Wheat,Dewas,06-09-2022,2285
Bengal Gram,Ratlam,19-03-2022,3869
Wheat,Pipariya,11-05-2022,4470
Bengal Gram,Sehore,29-09-2022,3803
Wheat,Indore,14-11-2022,3991
Garlic,Chhatarpur,04-09-2022,4116
Bengal Gram,Sehore,02-05-2022,3438
Bengal Gram,Ratlam,05-08-2022,5146
Garlic,Pipariya,21-03-2022,5714
Bengal Gram,Hoshangabad,10-04-2022,6011
Garlic,Chhatarpur,02-01-2022,2795
Garlic,Dewas,28-03-2022,5697
Wheat,Bhopal,01-07-2022,3766
Bengal Gram,Damoh,28-06-2022,2923
Garlic,Ratlam,22-01-2022,6052
Garlic,Damoh,23-12-2022,2994
Bengal Gram,Bhopal,09-03-2022,5210
Wheat,Bhopal,25-04-2022,3162
Garlic,Pipariya,02-01-2022,5814
Garlic,Ratlam,21-12-2022,2231
Bengal Gram,Dewas,22-05-2022,3269
Garlic,Chhatarpur,18-04-2022,3984
Garlic,Sehore,28-03-2022,5055
Wheat,Ratlam,17-09-2022,2761
Bengal Gram,Bhopal,19-03-2022,5940
Wheat,Indore,09-10-2022,3546
Wheat,Hoshangabad,06-09-2022,2424
Wheat,Indore,31-12-2022,4725
Bengal Gram,Pipariya,04-02-2022,2417
Bengal Gram,Dewas,24-08-2022,2713
Wheat,Pipariya,11-08-2022,4847
Wheat,Damoh,14-05-2022,3869
Bengal Gram,Dewas,27-11-2022,3480
Wheat,Chhatarpur,26-04-2022,2840
Bengal Gram,Indore,13-02-2022,4007
Wheat,Hoshangabad,07-07-2022,2232
Garlic,Damoh,09-04-2022,2791
Garlic,Damoh,22-07-2022,2195
Bengal Gram,Hoshangabad,12-11-2022,2404
Garlic,Chhatarpur,07-03-2022,5286
Garlic,Ratlam,06-09-2022,5989
Garlic,Ratlam,22-08-2022,3892
Wheat,Chhatarpur,03-08-2022,2492
Bengal Gram,Chhatarpur,13-06-2022,4352
Bengal Gram,Sehore,26-12-2022,5921
Bengal Gram,Indore,24-05-2022,3028
Bengal Gram,Bhopal,05-11-2022,6010
Wheat,Sehore,07-09-2022,3684
Wheat,Damoh,25-02-2022,2304
Bengal Gram,Dewas,21-06-2022,5236
Garlic,Hoshangabad,06-07-2022,4869
Wheat,Bhopal,17-08-2022,3271
Garlic,Dewas,22-02-2022,2687
Wheat,Bhopal,30-03-2022,2251
Garlic,Sehore,01-02-2022,5685
Wheat,Dewas,02-01-2022,2883
Wheat,Indore,14-08-2022,4003
Bengal Gram,Damoh,20-08-2022,5061
Wheat,Chhatarpur,17-06-2022,5632
Garlic,Sehore,10-08-2022,5328
Bengal Gram,Damoh,05-08-2022,3707
Wheat,Chhatarpur,06-03-2022,2195
Bengal Gram,Hoshangabad,09-03-2022,5729
Garlic,Indore,13-06-2022,5653
Wheat,Damoh,12-08-2022,4274
Wheat,Ratlam,29-01-2022,5782
Bengal Gram,Bhopal,10-08-2022,2352
Wheat,Pipariya,30-11-2022,5389
Wheat,Dewas,05-06-2022,2441
Bengal Gram,Ratlam,31-10-2022,5864
Wheat,Hoshangabad,15-03-2022,3613
Bengal Gram,Pipariya,10-07-2022,2575
Garlic,Pipariya,24-11-2022,5675
Garlic,Dewas,02-11-2022,2515
Bengal Gram,Damoh,02-01-2022,4987
Wheat,Chhatarpur,10-05-2022,3296
Garlic,Bhopal,15-05-2022,3067
Bengal Gram,Bhopal,01-03-2022,3705
Garlic,Ratlam,19-04-2022,5243
Bengal Gram,Damoh,10-12-2022,3994
Wheat,Chhatarpur,22-03-2022,3861
Wheat,Sehore,20-01-2022,2760
Wheat,Dewas,15-09-2022,2953
Garlic,Sehore,15-12-2022,4299
Bengal Gram,Ratlam,06-07-2022,3315
Bengal Gram,Dewas,02-07-2022,3537
Wheat,Indore,17-10-2022,2167
Wheat,Ratlam,22-08-2022,4681
Bengal Gram,Pipariya,26-03-2022,4789
Bengal Gram,Pipariya,14-03-2022,5812
Wheat,Hoshangabad,01-05-2022,4884
Garlic,Pipariya,05-01-2022,4759
Garlic,Ratlam,03-04-2022,4785
Bengal Gram,Chhatarpur,19-03-2022,5825
Bengal Gram,Damoh,02-10-2022,3395
Bengal Gram,Pipariya,16-12-2022,2573
Garlic,Chhatarpur,22-10-2022,5668
Bengal Gram,Damoh,16-06-2022,4522
Bengal Gram,Chhatarpur,04-07-2022,5314
Bengal Gram,Dewas,11-05-2022,4006
Garlic,Bhopal,07-09-2022,3710
Wheat,Chhatarpur,03-03-2022,5306
Bengal Gram,Hoshangabad,02-07-2022,5510
Bengal Gram,Dewas,23-10-2022,2553
Garlic,Damoh,08-05-2022,2718
Wheat,Ratlam,16-06-2022,5179
Bengal Gram,Indore,18-04-2022,3908
Wheat,Indore,02-04-2022,4113
Bengal Gram,Bhopal,18-06-2022,2712
Wheat,Pipariya,15-02-2022,2621
Wheat,Sehore,08-07-2022,5551
Bengal Gram,Damoh,01-01-2022,5308
Bengal Gram,Damoh,19-01-2022,5108
Garlic,Sehore,23-07-2022,2278
Wheat,Hoshangabad,29-08-2022,4313
Bengal Gram,Chhatarpur,22-10-2022,4913
Bengal Gram,Pipariya,22-06-2022,2703
Wheat,Ratlam,02-12-2022,4769
Garlic,Hoshangabad,03-06-2022,4561
Wheat,Sehore,26-10-2022,2496
Garlic,Sehore,28-11-2022,3325
Wheat,Sehore,02-07-2022,4592
Wheat,Dewas,27-08-2022,3446
Garlic,Indore,16-02-2022,5192
Garlic,Sehore,06-02-2022,3324
Wheat,Hoshangabad,05-06-2022,3699
Wheat,Hoshangabad,17-04-2022,3864
Garlic,Ratlam,21-02-2022,5694
Garlic,Pipariya,12-10-2022,5019
Garlic,Damoh,05-02-2022,2626
Garlic,Indore,10-11-2022,4338
Bengal Gram,Sehore,07-08-2022,2836
Wheat,Pipariya,24-02-2022,2485
Wheat,Sehore,17-06-2022,5116
Wheat,Damoh,25-05-2022,3509
Wheat,Dewas,18-08-2022,2968
Wheat,Pipariya,04-06-2022,5279
Wheat,Hoshangabad,01-06-2022,4096
Bengal Gram,Hoshangabad,22-11-2022,4098
Wheat,Pipariya,10-06-2022,3415
Bengal Gram,Chhatarpur,06-03-2022,5379
Garlic,Chhatarpur,30-12-2022,4411
Bengal Gram,Pipariya,15-12-2022,5941
Wheat,Sehore,07-08-2022,2968
Garlic,Ratlam,10-03-2022,2363
Bengal Gram,Dewas,27-12-2022,2511
Garlic,Chhatarpur,08-01-2022,5019
Bengal Gram,Sehore,20-11-2022,5168
Bengal Gram,Pipariya,27-08-2022,3999
Bengal Gram,Pipariya,15-08-2022,3427
Garlic,Ratlam,19-03-2022,5742
Wheat,Pipariya,01-08-2022,5363
Wheat,Bhopal,13-06-2022,3318
Wheat,Chhatarpur,06-03-2022,5865
Wheat,Sehore,26-04-2022,3703
Bengal Gram,Bhopal,09-07-2022,3768
Wheat,Damoh,21-12-2022,5033
Wheat,Pipariya,04-07-2022,6050
Garlic,Chhatarpur,24-12-2022,5472
Bengal Gram,Pipariya,28-06-2022,4484
Bengal Gram,Ratlam,17-02-2022,4170
Garlic,Bhopal,06-07-2022,4676
Wheat,Bhopal,22-01-2022,3523
Bengal Gram,Hoshangabad,30-01-2022,3905
Garlic,Dewas,09-11-2022,5506
Wheat,Hoshangabad,12-05-2022,4350
Wheat,Ratlam,24-05-2022,2375
Bengal Gram,Dewas,04-12-2022,3188
Bengal Gram,Pipariya,04-07-2022,2946
Wheat,Dewas,29-09-2022,4768
Wheat,Dewas,01-01-2022,5976
Bengal Gram,Bhopal,23-01-2022,4715
Wheat,Sehore,23-05-2022,3021
Garlic,Dewas,27-07-2022,2653
Bengal Gram,Bhopal,29-07-2022,2281
Wheat,Bhopal,06-04-2022,3376
Wheat,Chhatarpur,20-04-2022,2796
Bengal Gram,Dewas,22-12-2022,3715
Garlic,Indore,06-05-2022,5282
Garlic,Hoshangabad,04-12-2022,4731
Garlic,Indore,28-06-2022,4891
Bengal Gram,Ratlam,13-03-2022,2441
Garlic,Indore,08-11-2022,3495
Wheat,Chhatarpur,19-11-2022,3851
Bengal Gram,Dewas,28-07-2022,5423
Garlic,Hoshangabad,19-06-2022,3725
Bengal Gram,Sehore,18-06-2022,2299
Garlic,Dewas,09-08-2022,4702
Bengal Gram,Ratlam,21-01-2022,5489
Garlic,Damoh,14-04-2022,5770
Wheat,Chhatarpur,16-08-2022,5893
Wheat,Dewas,17-09-2022,2933
Wheat,Sehore,23-10-2022,2465
Wheat,Bhopal,21-08-2022,5528
Garlic,Pipariya,18-02-2022,5545
Wheat,Dewas,29-07-2022,2408
Garlic,Chhatarpur,17-10-2022,2720
Wheat,Bhopal,04-09-2022,2562
Garlic,Indore,02-02-2022,3990
Bengal Gram,Ratlam,28-04-2022,5039
Bengal Gram,Pipariya,30-03-2022,3914
Bengal Gram,Chhatarpur,02-10-2022,2290
Garlic,Hoshangabad,13-05-2022,3608
Garlic,Dewas,18-10-2022,4222
Garlic,Sehore,01-06-2022,5168
Garlic,Chhatarpur,14-12-2022,4833
Bengal Gram,Pipariya,23-10-2022,5111
Bengal Gram,Dewas,05-07-2022,3159
Bengal Gram,Bhopal,04-01-2022,5006
Wheat,Damoh,09-07-2022,3710
Bengal Gram,Bhopal,30-08-2022,2509
Bengal Gram,Pipariya,06-11-2022,2988
Wheat,Dewas,03-08-2022,3509
Garlic,Pipariya,12-05-2022,3477
Wheat,Bhopal,19-07-2022,5705
Wheat,Pipariya,18-01-2022,3672
Wheat,Dewas,08-07-2022,5809
Wheat,Damoh,28-04-2022,3027
Garlic,Bhopal,23-12-2022,3389
Garlic,Bhopal,07-09-2022,3174
Bengal Gram,Bhopal,18-11-2022,5512
Wheat,Damoh,17-03-2022,5046
Wheat,Bhopal,14-09-2022,3921
Wheat,Sehore,08-05-2022,3216
Bengal Gram,Pipariya,17-11-2022,5284
Bengal Gram,Chhatarpur,10-10-2022,3977
Bengal Gram,Chhatarpur,15-10-2022,3382
Wheat,Bhopal,08-03-2022,3388
Garlic,Chhatarpur,16-08-2022,4090
Bengal Gram,Ratlam,17-04-2022,5329
Garlic,Dewas,14-10-2022,2824
Wheat,Bhopal,07-01-2022,4537
Wheat,Chhatarpur,15-05-2022,5892
Wheat,Sehore,08-11-2022,4561
Wheat,Sehore,25-10-2022,4613
Wheat,Indore,07-06-2022,4855
Wheat,Ratlam,13-07-2022,5560
Wheat,Indore,08-02-2022,2341
Wheat,Dewas,30-11-2022,3879
Wheat,Bhopal,02-03-2022,3108
Wheat,Pipariya,17-09-2022,3295
Wheat,Dewas,02-12-2022,4834
Wheat,Damoh,29-01-2022,3241
Wheat,Indore,09-03-2022,2861
Wheat,Indore,15-09-2022,3421
Wheat,Ratlam,10-12-2022,4283
Wheat,Dewas,08-01-2022,3578
Wheat,Ratlam,29-07-2022,4873
Wheat,Pipariya,26-11-2022,5795
Wheat,Hoshangabad,25-10-2022,4722
Wheat,Sehore,07-05-2022,4564
Wheat,Indore,27-05-2022,2977
Wheat,Indore,02-07-2022,5980
Wheat,Pipariya,26-05-2022,5091
Wheat,Damoh,10-05-2022,5109
Wheat,Damoh,08-05-2022,5951
Wheat,Hoshangabad,19-08-2022,2822
Wheat,Indore,07-12-2022,2439
Wheat,Dewas,27-05-2022,3681
Wheat,Ratlam,23-11-2022,3846
Wheat,Pipariya,07-09-2022,5615
Wheat,Hoshangabad,07-03-2022,3325
Wheat,Hoshangabad,26-06-2022,2677
Wheat,Bhopal,07-05-2022,4377
Wheat,Damoh,30-06-2022,4025
Wheat,Indore,16-03-2022,2663
Wheat,Ratlam,23-03-2022,5945
Wheat,Hoshangabad,13-05-2022,4668
Wheat,Indore,22-12-2022,5742
Wheat,Pipariya,08-02-2022,2170
Wheat,Hoshangabad,09-11-2022,2358
Wheat,Dewas,12-04-2022,5039
Wheat,Bhopal,05-03-2022,4749
Wheat,Damoh,19-05-2022,4627
Wheat,Damoh,22-08-2022,3266
Wheat,Pipariya,08-09-2022,4892
Wheat,Sehore,25-08-2022,4728
Wheat,Chhatarpur,09-03-2022,2520
Wheat,Pipariya,14-05-2022,5030
Wheat,Dewas,19-11-2022,3460
Wheat,Ratlam,10-06-2022,6049
Garlic,Damoh,08-05-2022,5383
Garlic,Hoshangabad,08-07-2022,2933
Garlic,Dewas,04-02-2022,4288
Garlic,Dewas,19-07-2022,3538
Garlic,Bhopal,24-11-2022,3552
Garlic,Chhatarpur,20-09-2022,5904
Garlic,Ratlam,20-11-2022,2843
Garlic,Sehore,26-08-2022,4434
Garlic,Hoshangabad,26-12-2022,3029
Garlic,Bhopal,05-09-2022,5968
Garlic,Chhatarpur,26-09-2022,2509
Garlic,Pipariya,31-07-2022,3888
Garlic,Dewas,07-02-2022,2505
Garlic,Dewas,16-04-2022,3439
Garlic,Dewas,28-06-2022,5959
Garlic,Bhopal,21-07-2022,2262
Garlic,Hoshangabad,07-08-2022,4525
Garlic,Pipariya,05-12-2022,4593
Garlic,Sehore,31-08-2022,4418
Garlic,Hoshangabad,11-04-2022,3557
Garlic,Ratlam,07-04-2022,5127
Garlic,Chhatarpur,31-05-2022,5289
Garlic,Sehore,12-10-2022,4465
Garlic,Chhatarpur,20-01-2022,3444
Garlic,Chhatarpur,27-12-2022,3435
Garlic,Damoh,26-12-2022,4200
Garlic,Pipariya,12-04-2022,2986
Garlic,Pipariya,13-12-2022,3683
Garlic,Damoh,26-04-2022,4441
Garlic,Bhopal,22-07-2022,4167
Garlic,Hoshangabad,16-05-2022,2694
Garlic,Bhopal,19-05-2022,3146
Garlic,Sehore,11-10-2022,3433
Garlic,Indore,25-03-2022,5258
Garlic,Bhopal,20-03-2022,4358
Garlic,Indore,29-03-2022,5544
Garlic,Hoshangabad,26-03-2022,4279
Garlic,Damoh,20-05-2022,3822
Garlic,Chhatarpur,16-07-2022,2687
Garlic,Damoh,01-07-2022,5623
Garlic,Dewas,27-03-2022,3919
Garlic,Hoshangabad,19-08-2022,5669
Garlic,Chhatarpur,31-12-2022,4034
Garlic,Bhopal,06-12-2022,4264
Garlic,Dewas,18-06-2022,4932
Garlic,Damoh,11-10-2022,4659
Garlic,Bhopal,16-09-2022,2995
Garlic,Chhatarpur,03-01-2022,2775
Garlic,Pipariya,17-11-2022,5429
Garlic,Pipariya,04-09-2022,3931
Rice,Bhopal,29-03-2022,5190
Rice,Hoshangabad,09-06-2022,3620
Rice,Damoh,23-05-2022,4265
Rice,Bhopal,30-03-2022,4802
Rice,Bhopal,06-12-2022,3521
Rice,Damoh,19-11-2022,5145
Rice,Indore,27-12-2022,5633
Rice,Indore,24-12-2022,3559
Rice,Damoh,22-04-2022,2221
Rice,Indore,01-05-2022,3955
Rice,Sehore,03-04-2022,3486
Rice,Bhopal,12-06-2022,4295
Rice,Indore,21-08-2022,4557
Rice,Bhopal,30-01-2022,5306
Rice,Hoshangabad,22-07-2022,5083
Rice,Sehore,22-02-2022,5134
Rice,Bhopal,07-12-2022,3444
Rice,Dewas,29-05-2022,2466
Rice,Ratlam,01-02-2022,6008
Rice,Pipariya,22-05-2022,4102
Rice,Chhatarpur,22-06-2022,4068
Rice,Ratlam,11-09-2022,3136
Rice,Pipariya,08-08-2022,4575
Rice,Bhopal,10-06-2022,5163
Rice,Dewas,03-09-2022,5727
Rice,Hoshangabad,07-10-2022,5593
Rice,Chhatarpur,20-06-2022,3038
Rice,Damoh,12-05-2022,5183
Rice,Indore,20-04-2022,2676
Rice,Bhopal,29-04-2022,4269
Rice,Hoshangabad,06-04-2022,4380
Rice,Damoh,26-01-2022,2886
Rice,Hoshangabad,01-07-2022,3119
Rice,Indore,02-06-2022,3594
Rice,Bhopal,09-01-2022,4845
Rice,Pipariya,10-12-2022,5059
Rice,Hoshangabad,24-09-2022,3109
Rice,Sehore,22-10-2022,2863
Rice,Hoshangabad,22-11-2022,4060
Rice,Sehore,23-07-2022,4731
Rice,Pipariya,08-06-2022,2779
Rice,Hoshangabad,06-08-2022,5303
Rice,Pipariya,29-10-2022,4233
Rice,Hoshangabad,13-06-2022,3260
Rice,Hoshangabad,23-02-2022,4854
Rice,Damoh,22-07-2022,3355
Rice,Sehore,16-11-2022,2956
Rice,Bhopal,09-08-2022,2375
Rice,Hoshangabad,10-11-2022,5037
Rice,Chhatarpur,05-11-2022,4692
Wheat,Bhopal,05-03-2022,5711
Wheat,Bhopal,25-10-2022,5551
Wheat,Bhopal,19-03-2022,5799
Wheat,Bhopal,25-09-2022,3324
Wheat,Bhopal,06-10-2022,2226
Wheat,Bhopal,09-02-2022,5182
Wheat,Bhopal,09-08-2022,4527
Wheat,Bhopal,23-06-2022,4956
Wheat,Bhopal,18-08-2022,4818
Wheat,Bhopal,25-09-2022,5873
Wheat,Bhopal,10-09-2022,4933
Wheat,Bhopal,03-10-2022,2456
Wheat,Bhopal,30-05-2022,5806
Wheat,Bhopal,07-10-2022,5652
Wheat,Bhopal,20-02-2022,5457
Wheat,Bhopal,20-09-2022,6058
Wheat,Bhopal,20-03-2022,2768
Wheat,Bhopal,06-07-2022,3733
Wheat,Bhopal,13-05-2022,3889
Wheat,Bhopal,26-09-2022,4922
Wheat,Bhopal,14-12-2022,3373
Wheat,Bhopal,02-11-2022,4953
Wheat,Bhopal,24-10-2022,2686
Wheat,Bhopal,14-06-2022,6051
Wheat,Bhopal,26-12-2022,5376
Wheat,Bhopal,21-03-2022,3945
Wheat,Bhopal,21-09-2022,2417
Wheat,Bhopal,02-03-2022,3304
Wheat,Bhopal,26-09-2022,6032
Wheat,Bhopal,12-06-2022,3489
Wheat,Bhopal,27-04-2022,2327
Wheat,Bhopal,15-10-2022,3352
Wheat,Bhopal,11-04-2022,2518
Wheat,Bhopal,02-10-2022,4270
Wheat,Bhopal,01-12-2022,3402
Wheat,Bhopal,18-02-2022,5373
Wheat,Bhopal,17-01-2022,3281
Wheat,Bhopal,21-09-2022,2211
Wheat,Bhopal,19-05-2022,2525
Wheat,Bhopal,01-10-2022,5264
Wheat,Bhopal,10-01-2022,3410
Wheat,Bhopal,17-12-2022,5549
Wheat,Bhopal,18-03-2022,3465
Wheat,Bhopal,14-05-2022,4856
Wheat,Bhopal,20-02-2022,4481
Wheat,Bhopal,26-09-2022,3785
Wheat,Bhopal,23-01-2022,2386
Wheat,Bhopal,22-01-2022,2653
Wheat,Bhopal,16-09-2022,5004
Wheat,Bhopal,26-07-2022,2832
Wheat,Bhopal,22-08-2022,3045
Wheat,Bhopal,18-01-2022,5314
Wheat,Bhopal,22-07-2022,4033
Wheat,Bhopal,10-02-2022,4104
Wheat,Bhopal,14-01-2022,4949
Wheat,Bhopal,04-05-2022,5068
Wheat,Bhopal,18-10-2022,3956
Wheat,Bhopal,11-12-2022,5128
Wheat,Bhopal,25-02-2022,5668
Wheat,Bhopal,04-09-2022,3578
Wheat,Bhopal,04-08-2022,4160
Wheat,Bhopal,09-01-2022,2280
Wheat,Bhopal,22-11-2022,4569
Wheat,Bhopal,02-12-2022,3600
Wheat,Bhopal,31-03-2022,3791
Wheat,Bhopal,15-03-2022,4806
Wheat,Bhopal,22-09-2022,4375
Wheat,Bhopal,15-02-2022,5327
Wheat,Bhopal,27-02-2022,2654
Wheat,Bhopal,18-04-2022,4709
Wheat,Bhopal,04-06-2022,3395
Wheat,Bhopal,10-07-2022,3477
Wheat,Bhopal,28-02-2022,4477
Wheat,Bhopal,16-11-2022,2305
Wheat,Bhopal,07-10-2022,4389
Wheat,Bhopal,10-09-2022,2445
Wheat,Bhopal,04-10-2022,3022
Wheat,Bhopal,30-06-2022,5291
Wheat,Bhopal,16-11-2022,2340
Wheat,Bhopal,25-04-2022,5792
Wheat,Bhopal,07-10-2022,4711
Wheat,Bhopal,03-07-2022,2902
Wheat,Bhopal,29-08-2022,2205
Wheat,Bhopal,03-03-2022,2564
Wheat,Bhopal,01-04-2022,5667
Wheat,Bhopal,17-05-2022,5692
Wheat,Bhopal,09-02-2022,5482
Wheat,Bhopal,19-09-2022,2188
Wheat,Bhopal,05-11-2022,2198
Wheat,Bhopal,10-01-2022,2422
Wheat,Bhopal,15-11-2022,4896
Wheat,Bhopal,10-02-2022,3928
Wheat,Bhopal,11-11-2022,4682
Wheat,Bhopal,24-07-2022,2580
Wheat,Bhopal,11-03-2022,3382
Wheat,Bhopal,13-01-2022,5434
Wheat,Bhopal,24-07-2022,2172
Wheat,Bhopal,13-03-2022,3681
Wheat,Bhopal,04-08-2022,3002
Wheat,Bhopal,28-02-2022,5583
Wheat,Indore,17-06-2022,3437
Wheat,Indore,12-05-2022,2678
Wheat,Indore,31-07-2022,6055
Wheat,Indore,11-03-2022,2291
Wheat,Indore,24-05-2022,2348
Wheat,Indore,21-11-2022,3986
Wheat,Indore,10-08-2022,5913
Wheat,Indore,10-05-2022,5456
Wheat,Indore,21-08-2022,4733
Wheat,Indore,21-03-2022,4253
Wheat,Indore,24-12-2022,2292
Wheat,Indore,02-02-2022,5447
Wheat,Indore,24-11-2022,5652
Wheat,Indore,04-08-2022,5897
Wheat,Indore,22-01-2022,4703
Wheat,Indore,28-01-2022,2365
Wheat,Indore,07-08-2022,3971
Wheat,Indore,23-07-2022,4859
Wheat,Indore,25-10-2022,2810
Wheat,Indore,24-05-2022,5622
Wheat,Indore,24-08-2022,5275
Wheat,Indore,25-09-2022,5432
Wheat,Indore,04-08-2022,3205
Wheat,Indore,18-11-2022,3149
Wheat,Indore,05-10-2022,3351
Wheat,Indore,23-03-2022,4847
Wheat,Indore,04-04-2022,3014
Wheat,Indore,21-11-2022,3969
Wheat,Indore,16-10-2022,4468
Wheat,Indore,11-09-2022,5432
Wheat,Indore,12-06-2022,4433
Wheat,Indore,24-10-2022,5021
Wheat,Indore,06-06-2022,4690
Wheat,Indore,24-09-2022,5296
Wheat,Indore,01-02-2022,3912
Wheat,Indore,02-02-2022,6071
Wheat,Indore,23-03-2022,4667
Wheat,Indore,06-10-2022,3061
Wheat,Indore,19-04-2022,2307
Wheat,Indore,12-03-2022,3774
Wheat,Indore,23-06-2022,5545
Wheat,Indore,10-02-2022,5082
Wheat,Indore,12-06-2022,3142
Wheat,Indore,15-08-2022,4979
Wheat,Indore,14-02-2022,5137
Wheat,Indore,02-08-2022,3228
Wheat,Indore,18-10-2022,2790
Wheat,Indore,31-12-2022,4456
Wheat,Indore,09-08-2022,5403
Wheat,Indore,16-06-2022,4470
Wheat,Indore,26-07-2022,2374
Wheat,Indore,28-04-2022,5267
Wheat,Indore,01-04-2022,4872
Wheat,Indore,07-03-2022,2237
Wheat,Indore,15-06-2022,2720
Wheat,Indore,15-08-2022,5044
Wheat,Indore,31-08-2022,5666
Wheat,Indore,02-10-2022,3328
Wheat,Indore,18-09-2022,3560
Wheat,Indore,05-03-2022,3238
Wheat,Indore,12-10-2022,3068
Wheat,Indore,18-07-2022,5823
Wheat,Indore,04-11-2022,5637
Wheat,Indore,25-02-2022,5418
Wheat,Indore,16-03-2022,3364
Wheat,Indore,27-02-2022,4023
Wheat,Indore,01-12-2022,4173
Wheat,Indore,16-03-2022,5476
Wheat,Indore,06-06-2022,5739
Wheat,Indore,29-06-2022,5210
Wheat,Indore,18-06-2022,3676
Wheat,Indore,02-02-2022,4876
Wheat,Indore,20-10-2022,5550
Wheat,Indore,03-01-2022,4412
Wheat,Indore,03-09-2022,3983
Wheat,Indore,21-12-2022,4285
Wheat,Indore,03-09-2022,5931
Wheat,Indore,24-12-2022,2621
Wheat,Indore,14-05-2022,2244
Wheat,Indore,19-11-2022,2241
Wheat,Indore,15-12-2022,3264
Wheat,Indore,28-08-2022,2818
Wheat,Indore,24-06-2022,2569
Wheat,Indore,02-03-2022,5287
Wheat,Indore,20-06-2022,3973
Wheat,Indore,11-03-2022,2845
Wheat,Indore,05-02-2022,4942
Wheat,Indore,03-04-2022,4736
Wheat,Indore,08-06-2022,5257
Wheat,Indore,06-04-2022,4975
Wheat,Indore,28-09-2022,4554
Wheat,Indore,29-04-2022,3154
Wheat,Indore,29-06-2022,3975
Wheat,Indore,31-03-2022,5418
Wheat,Indore,25-09-2022,3529
Wheat,Indore,09-07-2022,2831
Wheat,Indore,10-12-2022,5137
Wheat,Indore,22-06-2022,5863
Wheat,Indore,30-04-2022,3088
Wheat,Indore,22-04-2022,3358
Wheat,Gwalior,30-09-2022,6009
Wheat,Gwalior,16-09-2022,2560
Wheat,Gwalior,21-06-2022,5524
Wheat,Gwalior,18-04-2022,5413
Wheat,Gwalior,27-05-2022,4543
Wheat,Gwalior,14-06-2022,4203
Wheat,Gwalior,23-08-2022,4977
Wheat,Gwalior,21-05-2022,3607
Wheat,Gwalior,21-11-2022,5510
Wheat,Gwalior,29-12-2022,2792
Wheat,Gwalior,13-05-2022,3889
Wheat,Gwalior,14-09-2022,3083
Wheat,Gwalior,12-03-2022,3411
Wheat,Gwalior,13-03-2022,5646
Wheat,Gwalior,30-04-2022,3719
Wheat,Gwalior,10-12-2022,4293
Wheat,Gwalior,26-07-2022,5680
Wheat,Gwalior,28-12-2022,2788
Wheat,Gwalior,15-01-2022,3767
Wheat,Gwalior,12-08-2022,5786
Wheat,Gwalior,15-12-2022,3219
Wheat,Gwalior,26-08-2022,5505
Wheat,Gwalior,21-02-2022,3575
Wheat,Gwalior,08-08-2022,5058
Wheat,Gwalior,11-06-2022,4746
Wheat,Gwalior,20-09-2022,3273
Wheat,Gwalior,29-04-2022,3167
Wheat,Gwalior,19-05-2022,4794
Wheat,Gwalior,10-02-2022,2339
Wheat,Gwalior,06-09-2022,3401
Wheat,Gwalior,09-12-2022,2782
Wheat,Gwalior,10-01-2022,5505
Wheat,Gwalior,14-10-2022,3908
Wheat,Gwalior,30-03-2022,5243
Wheat,Gwalior,14-12-2022,5907
Wheat,Gwalior,28-02-2022,5736
Wheat,Gwalior,14-09-2022,3872
Wheat,Gwalior,16-04-2022,4610
Wheat,Gwalior,03-08-2022,2888
Wheat,Gwalior,14-05-2022,3971
Wheat,Gwalior,24-03-2022,4701
Wheat,Gwalior,24-10-2022,4414
Wheat,Gwalior,13-09-2022,4862
Wheat,Gwalior,27-01-2022,5599
Wheat,Gwalior,17-03-2022,3478
Wheat,Gwalior,12-10-2022,4282
Wheat,Gwalior,13-03-2022,2545
Wheat,Gwalior,07-01-2022,3175
Wheat,Gwalior,25-06-2022,2522
Wheat,Gwalior,16-03-2022,2891
Wheat,Gwalior,29-05-2022,4721
Wheat,Gwalior,18-02-2022,5766
Wheat,Gwalior,05-02-2022,3061
Wheat,Gwalior,14-10-2022,4026
Wheat,Gwalior,11-02-2022,3094
Wheat,Gwalior,04-09-2022,4158
Wheat,Gwalior,14-07-2022,2291
Wheat,Gwalior,29-05-2022,3355
Wheat,Gwalior,02-06-2022,3237
Wheat,Gwalior,24-04-2022,2528
Wheat,Gwalior,18-02-2022,6064
Wheat,Gwalior,20-01-2022,4365
Wheat,Gwalior,05-09-2022,4821
Wheat,Gwalior,07-12-2022,4188
Wheat,Gwalior,08-11-2022,3493
Wheat,Gwalior,19-12-2022,5575
Wheat,Gwalior,02-06-2022,3522
Wheat,Gwalior,21-04-2022,3664
Wheat,Gwalior,13-05-2022,5321
Wheat,Gwalior,23-08-2022,2791
Wheat,Gwalior,19-07-2022,5688
Wheat,Gwalior,26-11-2022,3096
Wheat,Gwalior,06-12-2022,5276
Wheat,Gwalior,28-06-2022,3247
Wheat,Gwalior,14-02-2022,5518
Wheat,Gwalior,20-02-2022,4195
Wheat,Gwalior,16-08-2022,2834
Wheat,Gwalior,26-09-2022,5239
Wheat,Gwalior,07-01-2022,5602
Wheat,Gwalior,24-04-2022,3902
Wheat,Gwalior,05-08-2022,3465
Wheat,Gwalior,20-05-2022,3706
Wheat,Gwalior,29-03-2022,3035
Wheat,Gwalior,11-11-2022,4593
Wheat,Gwalior,10-12-2022,4602
Wheat,Gwalior,02-06-2022,4904
Wheat,Gwalior,27-10-2022,2830
Wheat,Gwalior,04-04-2022,4601
Wheat,Gwalior,27-07-2022,4327
Wheat,Gwalior,28-04-2022,5249
Wheat,Gwalior,20-08-2022,2584
Wheat,Gwalior,21-02-2022,5789
Wheat,Gwalior,16-06-2022,5696
Wheat,Gwalior,15-07-2022,2489
Wheat,Gwalior,18-05-2022,4793
Wheat,Gwalior,20-09-2022,4142
Wheat,Gwalior,14-03-2022,5184
Wheat,Gwalior,28-02-2022,4768
Wheat,Gwalior,18-11-2022,3523
Wheat,Gwalior,08-02-2022,2916
Garlic,Bhopal,02-03-2022,3129
Garlic,Bhopal,27-06-2022,4726
Garlic,Bhopal,24-11-2022,3983
Garlic,Bhopal,08-08-2022,3877
Garlic,Bhopal,27-04-2022,2709
Garlic,Bhopal,19-03-2022,5952
Garlic,Bhopal,03-05-2022,4809
Garlic,Bhopal,03-04-2022,3881
Garlic,Bhopal,02-03-2022,4936
Garlic,Bhopal,21-06-2022,5205
Garlic,Bhopal,04-10-2022,3119
Garlic,Bhopal,27-09-2022,2447
Garlic,Bhopal,03-03-2022,4497
Garlic,Bhopal,21-02-2022,4840
Garlic,Bhopal,14-11-2022,5624
Garlic,Bhopal,12-12-2022,2549
Garlic,Bhopal,19-08-2022,3325
Garlic,Bhopal,21-07-2022,3378
Garlic,Bhopal,14-09-2022,2234
Garlic,Bhopal,19-12-2022,5976
Garlic,Bhopal,23-03-2022,5581
Garlic,Bhopal,03-02-2022,3115
Garlic,Bhopal,14-05-2022,3096
Garlic,Bhopal,19-03-2022,3224
Garlic,Bhopal,13-11-2022,5128
Garlic,Bhopal,27-01-2022,5182
Garlic,Bhopal,07-01-2022,4203
Garlic,Bhopal,30-11-2022,2794
Garlic,Bhopal,16-01-2022,5952
Garlic,Bhopal,26-12-2022,5791
Garlic,Bhopal,01-05-2022,2551
Garlic,Bhopal,04-10-2022,4858
Garlic,Bhopal,08-04-2022,2625
Garlic,Bhopal,17-11-2022,2306
Garlic,Bhopal,17-02-2022,2456
Garlic,Bhopal,21-06-2022,2772
Garlic,Bhopal,17-01-2022,5875
Garlic,Bhopal,19-12-2022,4582
Garlic,Bhopal,28-03-2022,5079
Garlic,Bhopal,01-05-2022,4008
Garlic,Bhopal,06-10-2022,2691
Garlic,Bhopal,04-02-2022,4242
Garlic,Bhopal,13-05-2022,2284
Garlic,Bhopal,06-12-2022,3735
Garlic,Bhopal,02-01-2022,5999
Garlic,Bhopal,10-11-2022,5611
Garlic,Bhopal,03-07-2022,3750
Garlic,Bhopal,05-07-2022,2317
Garlic,Bhopal,27-10-2022,2709
Garlic,Bhopal,23-09-2022,5520
Garlic,Bhopal,09-04-2022,4290
Garlic,Bhopal,14-07-2022,4790
Garlic,Bhopal,07-09-2022,2595
Garlic,Bhopal,04-09-2022,4909
Garlic,Bhopal,01-12-2022,3063
Garlic,Bhopal,25-09-2022,4974
Garlic,Bhopal,01-04-2022,4524
Garlic,Bhopal,21-03-2022,3354
Garlic,Bhopal,11-04-2022,5471
Garlic,Bhopal,18-02-2022,6036
Garlic,Bhopal,08-12-2022,3858
Garlic,Bhopal,18-01-2022,3224
Garlic,Bhopal,02-01-2022,4781
Garlic,Bhopal,31-05-2022,4848
Garlic,Bhopal,07-07-2022,4186
Garlic,Bhopal,23-10-2022,2413
Garlic,Bhopal,09-03-2022,4563
Garlic,Bhopal,21-04-2022,2313
Garlic,Bhopal,27-09-2022,3996
Garlic,Bhopal,20-01-2022,3736
Garlic,Bhopal,16-10-2022,2231
Garlic,Bhopal,23-08-2022,4407
Garlic,Bhopal,27-01-2022,3477
Garlic,Bhopal,22-03-2022,3318
Garlic,Bhopal,04-12-2022,3835
Garlic,Bhopal,27-08-2022,2290
Garlic,Bhopal,25-01-2022,4249
Garlic,Bhopal,26-12-2022,5400
Garlic,Bhopal,27-03-2022,2709
Garlic,Bhopal,30-04-2022,5253
Garlic,Bhopal,21-03-2022,3138
Garlic,Bhopal,30-06-2022,2177
Garlic,Bhopal,19-08-2022,4592
Garlic,Bhopal,04-07-2022,4234
Garlic,Bhopal,12-05-2022,5918
Garlic,Bhopal,13-06-2022,4405
Garlic,Bhopal,05-04-2022,4978
Garlic,Bhopal,16-08-2022,2529
Garlic,Bhopal,25-03-2022,3132
Garlic,Bhopal,29-04-2022,4646
Garlic,Bhopal,11-05-2022,4669
Garlic,Bhopal,18-01-2022,4581
Garlic,Bhopal,22-01-2022,4248
Garlic,Bhopal,26-05-2022,5347
Garlic,Bhopal,04-05-2022,3973
Garlic,Bhopal,10-08-2022,3417
Garlic,Bhopal,09-09-2022,3386
Garlic,Bhopal,24-02-2022,4029
Garlic,Bhopal,15-10-2022,4374
Garlic,Bhopal,01-05-2022,4491
Garlic,Indore,02-06-2022,4164
Garlic,Indore,01-03-2022,5294
Garlic,Indore,26-05-2022,5915
Garlic,Indore,18-11-2022,3354
Garlic,Indore,22-08-2022,4463
Garlic,Indore,05-02-2022,4865
Garlic,Indore,24-01-2022,2335
Garlic,Indore,30-07-2022,5344
Garlic,Indore,03-12-2022,2789
Garlic,Indore,11-01-2022,3954
Garlic,Indore,17-03-2022,4667
Garlic,Indore,02-02-2022,5960
Garlic,Indore,11-01-2022,3302
Garlic,Indore,14-05-2022,4882
Garlic,Indore,20-03-2022,4162
Garlic,Indore,16-01-2022,4911
Garlic,Indore,16-11-2022,5526
Garlic,Indore,07-12-2022,3315
Garlic,Indore,07-04-2022,2963
Garlic,Indore,03-07-2022,5840
Garlic,Indore,10-12-2022,2673
Garlic,Indore,15-10-2022,5550
Garlic,Indore,17-05-2022,2294
Garlic,Indore,08-01-2022,5576
Garlic,Indore,21-03-2022,5112
Garlic,Indore,06-07-2022,2845
Garlic,Indore,24-04-2022,2715
Garlic,Indore,03-11-2022,5360
Garlic,Indore,21-04-2022,6016
Garlic,Indore,29-09-2022,4176
Garlic,Indore,04-05-2022,3896
Garlic,Indore,11-10-2022,3945
Garlic,Indore,20-06-2022,5219
Garlic,Indore,15-10-2022,4279
Garlic,Indore,15-09-2022,2406
Garlic,Indore,30-05-2022,4016
Garlic,Indore,12-10-2022,5064
Garlic,Indore,20-01-2022,5622
Garlic,Indore,11-01-2022,3141
Garlic,Indore,29-05-2022,4099
Garlic,Indore,31-10-2022,5366
Garlic,Indore,12-01-2022,3052
Garlic,Indore,20-02-2022,3983
Garlic,Indore,15-11-2022,3292
Garlic,Indore,23-09-2022,2795
Garlic,Indore,17-05-2022,2839
Garlic,Indore,19-04-2022,4700
Garlic,Indore,03-11-2022,3402
Garlic,Indore,29-04-2022,4874
Garlic,Indore,27-11-2022,5406
Garlic,Indore,10-03-2022,4516
Garlic,Indore,13-08-2022,3164
Garlic,Indore,22-11-2022,3946
Garlic,Indore,22-09-2022,5930
Garlic,Indore,27-02-2022,2746
Garlic,Indore,29-04-2022,3618
Garlic,Indore,16-12-2022,6062
Garlic,Indore,11-10-2022,5864
Garlic,Indore,30-06-2022,2702
Garlic,Indore,11-02-2022,4921
Garlic,Indore,04-02-2022,3156
Garlic,Indore,16-04-2022,3217
Garlic,Indore,16-12-2022,6036
Garlic,Indore,12-11-2022,5777
Garlic,Indore,07-04-2022,4450
Garlic,Indore,14-12-2022,4005
Garlic,Indore,12-04-2022,5665
Garlic,Indore,20-07-2022,3895
Garlic,Indore,23-08-2022,5885
Garlic,Indore,25-12-2022,2186
Garlic,Indore,15-06-2022,2451
Garlic,Indore,18-11-2022,2808
Garlic,Indore,19-01-2022,2448
Garlic,Indore,17-03-2022,4223
Garlic,Indore,04-01-2022,4031
Garlic,Indore,13-12-2022,2603
Garlic,Indore,17-03-2022,5798
Garlic,Indore,31-08-2022,4153
Garlic,Indore,06-06-2022,3721
Garlic,Indore,03-01-2022,3090
Garlic,Indore,28-05-2022,2855
Garlic,Indore,07-04-2022,6020
Garlic,Indore,23-08-2022,3368
Garlic,Indore,30-04-2022,5222
Garlic,Indore,17-04-2022,3665
Garlic,Indore,14-07-2022,2473
Garlic,Indore,13-06-2022,2879
Garlic,Indore,10-01-2022,5522
Garlic,Indore,11-10-2022,4676
Garlic,Indore,24-10-2022,4034
Garlic,Indore,20-01-2022,5233
Garlic,Indore,22-02-2022,2331
Garlic,Indore,22-04-2022,4612
Garlic,Indore,23-03-2022,4947
Garlic,Indore,16-11-2022,3611
Garlic,Indore,12-08-2022,5965
Garlic,Indore,26-11-2022,4231
Garlic,Indore,25-08-2022,4121
Garlic,Indore,28-08-2022,4883
Garlic,Indore,24-07-2022,4755
Garlic,Gwalior,12-11-2022,4531
Garlic,Gwalior,12-07-2022,3521
Garlic,Gwalior,24-01-2022,3976
Garlic,Gwalior,26-11-2022,5317
Garlic,Gwalior,29-05-2022,4111
Garlic,Gwalior,03-05-2022,4440
Garlic,Gwalior,09-07-2022,5177
Garlic,Gwalior,15-01-2022,2323
Garlic,Gwalior,27-04-2022,2887
Garlic,Gwalior,17-10-2022,5708
Garlic,Gwalior,15-04-2022,4455
Garlic,Gwalior,13-04-2022,5236
Garlic,Gwalior,26-01-2022,3049
Garlic,Gwalior,17-02-2022,5510
Garlic,Gwalior,19-06-2022,5232
Garlic,Gwalior,10-04-2022,2669
Garlic,Gwalior,30-08-2022,3239
Garlic,Gwalior,19-01-2022,4870
Garlic,Gwalior,18-08-2022,2315
Garlic,Gwalior,24-02-2022,5534
Garlic,Gwalior,09-08-2022,3619
Garlic,Gwalior,11-08-2022,4326
Garlic,Gwalior,15-07-2022,2827
Garlic,Gwalior,08-08-2022,3668
Garlic,Gwalior,02-07-2022,4022
Garlic,Gwalior,02-05-2022,2339
Garlic,Gwalior,20-06-2022,3784
Garlic,Gwalior,21-06-2022,5271
Garlic,Gwalior,09-02-2022,3298
Garlic,Gwalior,22-06-2022,3969
Garlic,Gwalior,31-05-2022,3267
Garlic,Gwalior,28-10-2022,3078
Garlic,Gwalior,07-07-2022,3081
Garlic,Gwalior,15-07-2022,3511
Garlic,Gwalior,14-01-2022,3150
Garlic,Gwalior,02-12-2022,5878
Garlic,Gwalior,16-02-2022,3258
Garlic,Gwalior,17-01-2022,3639
Garlic,Gwalior,04-07-2022,3280
Garlic,Gwalior,19-05-2022,3537
Garlic,Gwalior,26-11-2022,6017
Garlic,Gwalior,29-05-2022,5139
Garlic,Gwalior,22-06-2022,4812
Garlic,Gwalior,08-06-2022,5876
Garlic,Gwalior,25-06-2022,5156
Garlic,Gwalior,23-04-2022,3487
Garlic,Gwalior,29-01-2022,5412
Garlic,Gwalior,19-10-2022,2245
Garlic,Gwalior,26-05-2022,2194
Garlic,Gwalior,23-02-2022,3909
Garlic,Gwalior,22-01-2022,4198
Garlic,Gwalior,16-04-2022,3445
Garlic,Gwalior,12-02-2022,5743
Garlic,Gwalior,23-04-2022,4178
Garlic,Gwalior,20-06-2022,4444
Garlic,Gwalior,15-02-2022,3133
Garlic,Gwalior,22-04-2022,2857
Garlic,Gwalior,08-11-2022,5278
Garlic,Gwalior,15-10-2022,5799
Garlic,Gwalior,10-04-2022,2579
Garlic,Gwalior,29-10-2022,4516
Garlic,Gwalior,12-08-2022,4463
Garlic,Gwalior,14-10-2022,2335
Garlic,Gwalior,25-03-2022,4411
Garlic,Gwalior,05-12-2022,3053
Garlic,Gwalior,02-11-2022,4676
Garlic,Gwalior,30-06-2022,4232
Garlic,Gwalior,06-06-2022,4686
Garlic,Gwalior,03-01-2022,5084
Garlic,Gwalior,26-06-2022,5833
Garlic,Gwalior,06-03-2022,4142
Garlic,Gwalior,13-01-2022,2978
Garlic,Gwalior,30-05-2022,4078
Garlic,Gwalior,30-05-2022,5509
Garlic,Gwalior,31-05-2022,5807
Garlic,Gwalior,02-06-2022,3874
Garlic,Gwalior,06-01-2022,4311
Garlic,Gwalior,08-08-2022,3907
Garlic,Gwalior,10-09-2022,2235
Garlic,Gwalior,24-01-2022,3049
Garlic,Gwalior,16-07-2022,3243
Garlic,Gwalior,03-12-2022,3737
Garlic,Gwalior,27-04-2022,4401
Garlic,Gwalior,11-05-2022,5315
Garlic,Gwalior,29-03-2022,3192
Garlic,Gwalior,18-12-2022,3032
Garlic,Gwalior,12-06-2022,5932
Garlic,Gwalior,05-04-2022,3786
Garlic,Gwalior,24-11-2022,3170
Garlic,Gwalior,07-03-2022,2884
Garlic,Gwalior,17-02-2022,3698
Garlic,Gwalior,14-06-2022,3974
Garlic,Gwalior,03-11-2022,2520
Garlic,Gwalior,18-06-2022,3203
Garlic,Gwalior,15-12-2022,5314
Garlic,Gwalior,30-05-2022,3504
Garlic,Gwalior,04-12-2022,2572
Garlic,Gwalior,10-03-2022,4984
Garlic,Gwalior,17-05-2022,4745
Garlic,Gwalior,09-04-2022,5637
Rice,Bhopal,21-12-2022,4096
Rice,Bhopal,01-11-2022,3304
Rice,Bhopal,14-02-2022,5724
Rice,Bhopal,16-07-2022,3368
Rice,Bhopal,16-09-2022,2556
Rice,Bhopal,03-02-2022,2471
Rice,Bhopal,22-12-2022,3984
Rice,Bhopal,13-05-2022,2896
Rice,Bhopal,11-06-2022,5619
Rice,Bhopal,23-05-2022,2402
Rice,Bhopal,11-08-2022,4475
Rice,Bhopal,17-06-2022,3520
Rice,Bhopal,08-01-2022,5326
Rice,Bhopal,02-04-2022,2474
Rice,Bhopal,10-10-2022,4790
Rice,Bhopal,13-09-2022,3322
Rice,Bhopal,15-07-2022,3331
Rice,Bhopal,24-02-2022,3769
Rice,Bhopal,03-12-2022,4844
Rice,Bhopal,24-11-2022,3107
Rice,Bhopal,10-04-2022,3004
Rice,Bhopal,13-11-2022,5649
Rice,Bhopal,06-08-2022,2218
Rice,Bhopal,19-06-2022,3198
Rice,Bhopal,14-03-2022,3041
Rice,Bhopal,27-01-2022,5328
Rice,Bhopal,02-02-2022,4045
Rice,Bhopal,24-06-2022,3500
Rice,Bhopal,23-08-2022,3020
Rice,Bhopal,15-03-2022,3794
Rice,Bhopal,09-07-2022,3217
Rice,Bhopal,19-04-2022,4589
Rice,Bhopal,24-10-2022,3455
Rice,Bhopal,19-02-2022,6012
Rice,Bhopal,17-10-2022,4048
Rice,Bhopal,07-07-2022,2822
Rice,Bhopal,31-03-2022,5291
Rice,Bhopal,26-09-2022,2246
Rice,Bhopal,05-04-2022,3499
Rice,Bhopal,20-11-2022,5792
Rice,Bhopal,08-10-2022,5796
Rice,Bhopal,15-05-2022,4217
Rice,Bhopal,17-04-2022,3529
Rice,Bhopal,19-08-2022,5953
Rice,Bhopal,09-02-2022,4798
Rice,Bhopal,05-09-2022,4044
Rice,Bhopal,19-02-2022,4614
Rice,Bhopal,17-11-2022,3514
Rice,Bhopal,25-09-2022,3397
Rice,Bhopal,15-01-2022,4143
Rice,Bhopal,01-08-2022,2366
Rice,Bhopal,18-05-2022,3519
Rice,Bhopal,20-08-2022,3761
Rice,Bhopal,17-08-2022,3122
Rice,Bhopal,29-10-2022,3731
Rice,Bhopal,06-04-2022,3626
Rice,Bhopal,31-03-2022,2444
Rice,Bhopal,07-08-2022,5086
Rice,Bhopal,21-12-2022,3333
Rice,Bhopal,29-03-2022,5759
Rice,Bhopal,11-06-2022,4476
Rice,Bhopal,18-06-2022,2846
Rice,Bhopal,15-02-2022,4946
Rice,Bhopal,08-12-2022,5243
Rice,Bhopal,09-04-2022,5129
Rice,Bhopal,21-10-2022,2320
Rice,Bhopal,13-02-2022,3519
Rice,Bhopal,21-07-2022,4558
Rice,Bhopal,19-09-2022,2238
Rice,Bhopal,30-12-2022,3943
Rice,Bhopal,19-11-2022,5403
Rice,Bhopal,11-10-2022,3805
Rice,Bhopal,13-01-2022,4060
Rice,Bhopal,16-08-2022,2372
Rice,Bhopal,21-03-2022,5132
Rice,Bhopal,02-10-2022,4499
Rice,Bhopal,02-11-2022,2243
Rice,Bhopal,08-04-2022,4512
Rice,Bhopal,30-06-2022,6041
Rice,Bhopal,03-12-2022,3133
Rice,Bhopal,09-03-2022,3981
Rice,Bhopal,21-06-2022,5651
Rice,Bhopal,19-08-2022,5726
Rice,Bhopal,07-08-2022,2255
Rice,Bhopal,10-01-2022,2488
Rice,Bhopal,20-10-2022,4465
Rice,Bhopal,01-08-2022,4176
Rice,Bhopal,07-06-2022,4561
Rice,Bhopal,28-04-2022,2838
Rice,Bhopal,06-11-2022,6009
Rice,Bhopal,09-06-2022,5200
Rice,Bhopal,04-08-2022,3068
Rice,Bhopal,19-03-2022,5876
Rice,Bhopal,19-08-2022,2420
Rice,Bhopal,18-05-2022,4146
Rice,Bhopal,04-01-2022,4935
Rice,Bhopal,18-12-2022,4871
Rice,Bhopal,23-11-2022,2995
Rice,Bhopal,02-11-2022,3970
Rice,Bhopal,26-02-2022,3571
Rice,Indore,07-05-2022,4353
Rice,Indore,22-05-2022,4277
Rice,Indore,08-01-2022,5290
Rice,Indore,15-08-2022,3251
Rice,Indore,08-12-2022,5265
Rice,Indore,10-04-2022,5355
Rice,Indore,22-06-2022,3078
Rice,Indore,22-06-2022,5988
Rice,Indore,10-08-2022,4983
Rice,Indore,22-12-2022,4809
Rice,Indore,29-03-2022,5873
Rice,Indore,13-06-2022,3051
Rice,Indore,09-09-2022,3000
Rice,Indore,19-05-2022,3706
Rice,Indore,25-04-2022,3288
Rice,Indore,06-02-2022,3686
Rice,Indore,01-05-2022,3019
Rice,Indore,02-11-2022,5206
Rice,Indore,11-06-2022,4479
Rice,Indore,19-07-2022,5805
Rice,Indore,21-08-2022,2710
Rice,Indore,21-11-2022,5407
Rice,Indore,06-11-2022,5230
Rice,Indore,15-10-2022,5718
Rice,Indore,09-03-2022,4969
Rice,Indore,01-01-2022,5410
Rice,Indore,27-04-2022,4814
Rice,Indore,10-04-2022,4750
Rice,Indore,10-11-2022,5462
Rice,Indore,30-12-2022,5101
Rice,Indore,25-02-2022,4361
Rice,Indore,02-07-2022,4761
Rice,Indore,04-08-2022,4942
Rice,Indore,20-06-2022,5343
Rice,Indore,01-11-2022,2313
Rice,Indore,03-05-2022,2206
Rice,Indore,22-08-2022,5708
Rice,Indore,24-05-2022,2985
Rice,Indore,22-01-2022,3981
Rice,Indore,12-05-2022,5512
Rice,Indore,11-06-2022,5309
Rice,Indore,03-05-2022,5240
Rice,Indore,11-01-2022,5749
Rice,Indore,23-03-2022,4034
Rice,Indore,18-09-2022,4061
Rice,Indore,09-06-2022,3920
Rice,Indore,25-07-2022,5807
Rice,Indore,27-06-2022,2960
Rice,Indore,07-05-2022,2533
Rice,Indore,22-12-2022,4961
Rice,Indore,24-09-2022,5383
Rice,Indore,13-09-2022,2330
Rice,Indore,10-06-2022,2992
Rice,Indore,29-05-2022,5116
Rice,Indore,04-02-2022,4823
Rice,Indore,12-10-2022,4514
Rice,Indore,25-08-2022,3422
Rice,Indore,03-10-2022,2556
Rice,Indore,31-07-2022,5862
Rice,Indore,19-04-2022,3615
Rice,Indore,28-09-2022,3711
Rice,Indore,22-07-2022,5629
Rice,Indore,25-09-2022,4221
Rice,Indore,09-10-2022,2734
Rice,Indore,27-12-2022,3088
Rice,Indore,19-03-2022,3625
Rice,Indore,25-12-2022,2972
Rice,Indore,23-07-2022,4398
Rice,Indore,11-09-2022,5319
Rice,Indore,23-09-2022,2921
Rice,Indore,21-04-2022,2863
Rice,Indore,09-06-2022,2896
Rice,Indore,23-10-2022,5967
Rice,Indore,30-07-2022,3220
Rice,Indore,01-10-2022,5340
Rice,Indore,16-05-2022,5495
Rice,Indore,02-07-2022,3938
Rice,Indore,06-03-2022,5200
Rice,Indore,13-01-2022,2236
Rice,Indore,06-02-2022,5562
Rice,Indore,08-03-2022,3400
Rice,Indore,23-11-2022,5958
Rice,Indore,03-09-2022,5839
Rice,Indore,26-04-2022,4492
Rice,Indore,21-02-2022,3740
Rice,Indore,24-06-2022,5077
Rice,Indore,14-10-2022,3873
Rice,Indore,24-09-2022,3804
Rice,Indore,28-06-2022,5683
Rice,Indore,11-08-2022,2258
Rice,Indore,06-07-2022,3534
Rice,Indore,25-08-2022,5235
Rice,Indore,17-11-2022,5088
Rice,Indore,15-10-2022,2505
Rice,Indore,26-02-2022,5324
Rice,Indore,16-09-2022,2909
Rice,Indore,12-04-2022,2708
Rice,Indore,30-12-2022,3086
Rice,Indore,30-07-2022,4932
Rice,Indore,29-07-2022,2442
Rice,Gwalior,08-12-2022,5033
Rice,Gwalior,15-07-2022,2946
Rice,Gwalior,03-02-2022,4827
Rice,Gwalior,07-04-2022,5603
Rice,Gwalior,28-11-2022,4545
Rice,Gwalior,17-05-2022,2552
Rice,Gwalior,17-05-2022,2840
Rice,Gwalior,10-11-2022,3439
Rice,Gwalior,18-10-2022,3044
Rice,Gwalior,15-12-2022,5745
Rice,Gwalior,24-10-2022,2349
Rice,Gwalior,16-12-2022,6054
Rice,Gwalior,13-08-2022,4804
Rice,Gwalior,16-08-2022,4458
Rice,Gwalior,09-02-2022,5172
Rice,Gwalior,23-07-2022,4830
Rice,Gwalior,17-02-2022,2469
Rice,Gwalior,16-01-2022,2798
Rice,Gwalior,28-07-2022,3308
Rice,Gwalior,07-06-2022,3806
Rice,Gwalior,30-11-2022,4311
Rice,Gwalior,19-08-2022,5104
Rice,Gwalior,02-05-2022,3552
Rice,Gwalior,28-10-2022,5061
Rice,Gwalior,09-01-2022,2804
Rice,Gwalior,10-05-2022,5191
Rice,Gwalior,25-10-2022,2542
Rice,Gwalior,13-02-2022,3835
Rice,Gwalior,20-11-2022,5485
Rice,Gwalior,06-01-2022,3212
Rice,Gwalior,29-10-2022,4647
Rice,Gwalior,03-04-2022,4182
Rice,Gwalior,08-11-2022,2181
Rice,Gwalior,02-06-2022,2992
Rice,Gwalior,19-09-2022,2612
Rice,Gwalior,15-12-2022,5262
Rice,Gwalior,17-09-2022,3103
Rice,Gwalior,10-08-2022,5503
Rice,Gwalior,24-07-2022,5697
Rice,Gwalior,26-02-2022,3802
Rice,Gwalior,05-05-2022,3382
Rice,Gwalior,20-08-2022,3209
Rice,Gwalior,02-08-2022,3467
Rice,Gwalior,22-09-2022,2482
Rice,Gwalior,17-04-2022,3834
Rice,Gwalior,18-05-2022,3549
Rice,Gwalior,15-08-2022,5598
Rice,Gwalior,16-10-2022,2480
Rice,Gwalior,02-09-2022,6019
Rice,Gwalior,19-02-2022,5433
Rice,Gwalior,14-04-2022,3895
Rice,Gwalior,17-12-2022,5622
Rice,Gwalior,23-04-2022,2377
Rice,Gwalior,01-09-2022,6009
Rice,Gwalior,09-09-2022,2303
Rice,Gwalior,11-03-2022,2772
Rice,Gwalior,18-01-2022,5909
Rice,Gwalior,25-11-2022,5506
Rice,Gwalior,03-08-2022,2382
Rice,Gwalior,14-08-2022,2564
Rice,Gwalior,22-05-2022,5646
Rice,Gwalior,14-02-2022,2276
Rice,Gwalior,19-03-2022,4761
Rice,Gwalior,06-02-2022,2371
Rice,Gwalior,11-11-2022,5161
Rice,Gwalior,19-12-2022,2814
Rice,Gwalior,24-12-2022,3192
Rice,Gwalior,06-02-2022,4477
Rice,Gwalior,13-05-2022,2455
Rice,Gwalior,13-06-2022,3748
Rice,Gwalior,18-07-2022,3591
Rice,Gwalior,26-09-2022,4939
Rice,Gwalior,13-02-2022,2676
Rice,Gwalior,20-06-2022,4745
Rice,Gwalior,15-06-2022,3112
Rice,Gwalior,27-04-2022,3395
Rice,Gwalior,23-09-2022,3944
Rice,Gwalior,16-03-2022,5146
Rice,Gwalior,19-07-2022,4278
Rice,Gwalior,30-04-2022,2785
Rice,Gwalior,25-11-2022,2917
Rice,Gwalior,13-01-2022,2852
Rice,Gwalior,02-07-2022,2217
Rice,Gwalior,03-05-2022,5822
Rice,Gwalior,11-07-2022,2696
Rice,Gwalior,08-08-2022,6057
Rice,Gwalior,26-07-2022,3658
Rice,Gwalior,15-03-2022,4408
Rice,Gwalior,27-02-2022,4497
Rice,Gwalior,15-08-2022,6019
Rice,Gwalior,22-12-2022,5096
Rice,Gwalior,14-11-2022,4276
Rice,Gwalior,10-02-2022,3759
Rice,Gwalior,17-02-2022,5484
Rice,Gwalior,09-12-2022,5703
Rice,Gwalior,26-03-2022,3934
Rice,Gwalior,25-01-2022,5082
Rice,Gwalior,09-07-2022,5708
Rice,Gwalior,12-08-2022,2735
Rice,Gwalior,06-05-2022,4583
